id,name,type,address,city,postcode,lat,lon,website,phone,opening_hours,price_tier,avg_rating,suggested_duration,tags,image_url,description_short
1,"British Museum",Museum,"Great Russell St",London,"WC1B 3DG",51.51940000,-0.12700000,https://www.britishmuseum.org,"+44 20 7323 8299",10:00-17:00,1,4.8,180,"History;Rainy Day;Family",https://plus.unsplash.com/premium_photo-1661925387774-b1ba6b7bb0ad?q=80&w=1161&auto=format&fit=crop&ixlib=rb-4.1.0&ixid=M3wxMjA3fDB8MHxwaG90by1wYWdlfHx8fGVufDB8fHx8fA%3D%3D,"World-famous museum of human history and culture."
2,"Tower of London",Castle,"St Katharine's & Wapping",London,"EC3N 4AB",51.50810000,-0.07590000,https://www.hrp.org.uk/tower-of-london,"+44 20 3166 6000",09:00-17:30,4,4.7,180,"History;Crown Jewels;Iconic",https://images.unsplash.com/photo-1590506903984-49154c7ce1a0?q=80&w=735&auto=format&fit=crop&ixlib=rb-4.1.0&ixid=M3wxMjA3fDB8MHxwaG90by1wYWdlfHx8fGVufDB8fHx8fA%3D%3D,"Historic castle and home of the Crown Jewels."
3,"V&A Museum",Museum,"Cromwell Rd",London,"SW7 2RL",51.49660000,-0.17220000,https://www.vam.ac.uk,"+44 20 7942 2000",10:00-17:45,1,4.8,150,Art;Design;Fashion,https://plus.unsplash.com/premium_photo-1658506813192-074af2c51d66?q=80&w=1147&auto=format&fit=crop&ixlib=rb-4.1.0&ixid=M3wxMjA3fDB8MHxwaG90by1wYWdlfHx8fGVufDB8fHx8fA%3D%3D,"Leading museum of art, design, and performance."
4,"Natural History Museum",Museum,"Cromwell Rd",London,"SW7 5BD",51.49670000,-0.17640000,https://www.nhm.ac.uk,"+44 20 7942 5000",10:00-17:50,1,4.7,180,Dinosaurs;Science;Kids,https://images.unsplash.com/photo-1661108181859-c7932252796b?q=80&w=1170&auto=format&fit=crop&ixlib=rb-4.1.0&ixid=M3wxMjA3fDB8MHxwaG90by1wYWdlfHx8fGVufDB8fHx8fA%3D%3D,"Home to life and earth science specimens."
5,"Tate Modern",Gallery,Bankside,London,"SE1 9TG",51.50760000,-0.09940000,https://www.tate.org.uk/visit/tate-modern,"+44 20 7887 8888",10:00-18:00,1,4.5,90,Art;Modern;Views,https://upload.wikimedia.org/wikipedia/commons/thumb/0/00/Tate_Modern_-_Bankside_Power_Station.jpg/960px-Tate_Modern_-_Bankside_Power_Station.jpg,"International modern and contemporary art."
6,"London Eye",Attraction,"Riverside Building",London,"SE1 7PB",51.50330000,-0.11950000,https://www.londoneye.com,"+44 870 990 8883",11:00-18:00,4,4.5,45,Views;Iconic;Romantic,https://images.unsplash.com/photo-1545853332-147d5073187e?q=80&w=687&auto=format&fit=crop&ixlib=rb-4.1.0&ixid=M3wxMjA3fDB8MHxwaG90by1wYWdlfHx8fGVufDB8fHx8fA%3D%3D,"Giant observation wheel on the South Bank."
7,"Sky Garden",Attraction,"1 Sky Garden Walk",London,"EC3M 8AF",51.51120000,-0.08350000,https://skygarden.london,"+44 20 7337 2344",10:00-18:00,1,4.6,60,Views;Instagrammable;Bar,https://upload.wikimedia.org/wikipedia/commons/c/ca/The_Sky_Garden.jpg,"London's highest public garden with 360 views."
8,"Borough Market",Food,"8 Southwark St",London,"SE1 1TL",51.50550000,-0.09030000,https://boroughmarket.org.uk,"+44 20 7407 1002",10:00-17:00,2,4.7,60,Foodie;Lunch;Bustling,https://upload.wikimedia.org/wikipedia/commons/thumb/2/2d/London_2018_March_IMG_0663.jpg/500px-London_2018_March_IMG_0663.jpg,"Historic market hall with gourmet food stalls."
9,"Roman Baths",History,"Abbey Church Yard",Bath,"BA1 1LZ",51.38090000,-2.35970000,https://www.romanbaths.co.uk,"+44 1225 477785",09:00-18:00,3,4.6,90,History;Romans;Unique,https://images.unsplash.com/photo-1691419712300-3f29595dda17?q=80&w=687&auto=format&fit=crop&ixlib=rb-4.1.0&ixid=M3wxMjA3fDB8MHxwaG90by1wYWdlfHx8fGVufDB8fHx8fA%3D%3D,"Well-preserved Roman public bathing site."
10,Stonehenge,History,Salisbury,Wiltshire,"SP4 7DE",51.17890000,-1.82620000,https://www.english-heritage.org.uk,"+44 370 333 1181",09:30-17:00,3,4.2,90,History;Ancient;Outdoors,https://upload.wikimedia.org/wikipedia/commons/thumb/3/3c/Stonehenge2007_07_30.jpg/800px-Stonehenge2007_07_30.jpg,"Prehistoric ring of standing stones."
11,"Edinburgh Castle",Castle,Castlehill,Edinburgh,"EH1 2NG",55.94860000,-3.19990000,https://www.edinburghcastle.scot,"+44 131 225 9846",09:30-18:00,3,4.6,120,History;Views;Scotland,https://images.unsplash.com/photo-1557096002-7f215e6b5dcf?q=80&w=1170&auto=format&fit=crop&ixlib=rb-4.1.0&ixid=M3wxMjA3fDB8MHxwaG90by1wYWdlfHx8fGVufDB8fHx8fA%3D%3D,"Historic fortress dominating the Edinburgh skyline."
12,"National Museum of Scotland",Museum,"Chambers St",Edinburgh,"EH1 1JF",55.94690000,-3.19040000,https://www.nms.ac.uk,"+44 300 123 6789",10:00-17:00,1,4.8,120,"History;Family;Rainy Day",https://upload.wikimedia.org/wikipedia/commons/thumb/b/b2/Museum_of_Scotland.jpg/500px-Museum_of_Scotland.jpg,"Collections of Scottish antiquities and culture."
13,"Arthur's Seat",Nature,"Holyrood Park",Edinburgh,"EH8 8AZ",55.94420000,-3.16180000,https://www.historicenvironment.scot,,24-Jul,1,4.7,120,Hiking;Views;Nature,https://upload.wikimedia.org/wikipedia/commons/thumb/1/1d/Arthur%27s_Seat_from_Salisbury_Crags.jpg/800px-Arthur%27s_Seat_from_Salisbury_Crags.jpg,"Ancient volcano sitting 251m above sea level."
14,"Kelvingrove Art Gallery",Gallery,"Argyle St",Glasgow,"G3 8AG",55.86860000,-4.29060000,https://www.glasgowlife.org.uk,"+44 141 276 9599",10:00-17:00,1,4.7,90,Art;History;Free,https://upload.wikimedia.org/wikipedia/commons/thumb/1/1a/Kelvingrove_Art_Gallery_and_Museum.jpg/800px-Kelvingrove_Art_Gallery_and_Museum.jpg,"Grand museum featuring 22 themed galleries."
15,"Riverside Museum",Museum,"100 Pointhouse Rd",Glasgow,"G3 8RS",55.86510000,-4.30610000,https://www.glasgowlife.org.uk,"+44 141 287 2720",10:00-17:00,1,4.6,90,Transport;Kids;Modern,https://upload.wikimedia.org/wikipedia/commons/thumb/3/3e/Riverside_Museum_Glasgow_2011.jpg/800px-Riverside_Museum_Glasgow_2011.jpg,"Award-winning transport museum designed by Zaha Hadid."
16,"Brighton Palace Pier",Attraction,"Madeira Dr",Brighton,"BN2 1TW",50.81630000,-0.13730000,https://www.brightonpier.co.uk,"+44 1273 609361",10:00-20:00,2,4.3,60,Seaside;Fun;Arcade,https://upload.wikimedia.org/wikipedia/commons/thumb/4/4c/Brighton_Pier_at_sunset.jpg/800px-Brighton_Pier_at_sunset.jpg,"Famous pleasure pier with rides and arcades."
17,"Royal Pavilion",History,"4/5 Pavilion Bldgs",Brighton,"BN1 1EE",50.82280000,-0.13750000,https://brightonmuseums.org.uk,"+44 300 029 0900",10:00-17:15,3,4.5,75,Architecture;Royal;Unique,https://upload.wikimedia.org/wikipedia/commons/thumb/7/76/Royal_Pavilion_Brighton.jpg/800px-Royal_Pavilion_Brighton.jpg,"Exotic palace with Indian and Chinese influence."
18,"York Minster",History,Deangate,York,"YO1 7HH",53.96230000,-1.08190000,https://yorkminster.org,"+44 1904 557200",09:30-16:00,3,4.7,60,Religion;Architecture;Views,https://upload.wikimedia.org/wikipedia/commons/thumb/c/c8/York_Minster_from_Mogay.jpg/800px-York_Minster_from_Mogay.jpg,"One of the largest cathedrals in Northern Europe."
19,"The Shambles",History,"The Shambles",York,"YO1 7LX",53.95940000,-1.08040000,https://www.visityork.org,,24-Jul,1,4.6,30,"Shopping;Harry Potter;Quaint",https://upload.wikimedia.org/wikipedia/commons/thumb/8/86/The_Shambles%2C_York%2C_England.jpg/800px-The_Shambles%2C_York%2C_England.jpg,"Medieval narrow street with timber-framed buildings."
20,"Jorvik Viking Centre",Museum,"19 Coppergate",York,"YO1 9WT",53.95760000,-1.08050000,https://www.jorvikvikingcentre.co.uk,"+44 1904 615505",10:00-17:00,3,4.5,60,History;Vikings;Interactive,https://upload.wikimedia.org/wikipedia/commons/thumb/9/98/Jorvik_Viking_Centre_street_scene.jpg/800px-Jorvik_Viking_Centre_street_scene.jpg,"Reconstruction of Viking-age streets and smells."
21,"Royal Albert Dock",Attraction,"3-4 The Colonnades",Liverpool,"L3 4AA",53.40140000,-2.99360000,https://albertdock.com,"+44 151 709 8111",24-Jul,1,4.7,60,History;Walk;Food,https://upload.wikimedia.org/wikipedia/commons/thumb/f/f0/Albert_Dock_Liverpool.jpg/800px-Albert_Dock_Liverpool.jpg,"Historic waterfront complex with museums and bars."
22,"The Beatles Story",Museum,"Britannia Vaults",Liverpool,"L3 4AD",53.39920000,-2.99220000,https://www.beatlesstory.com,"+44 151 709 1963",09:00-17:00,3,4.5,90,Music;Culture;Fans,https://upload.wikimedia.org/wikipedia/commons/thumb/8/82/Beatles_Story_entrance.jpg/800px-Beatles_Story_entrance.jpg,"The world's largest permanent Beatles exhibition."
23,"Chester Zoo",Zoo,"Moston Rd",Chester,"CH2 1EU",53.22740000,-2.88440000,https://www.chesterzoo.org,"+44 1244 380280",10:00-17:00,4,4.8,240,Animals;Family;Outdoor,https://upload.wikimedia.org/wikipedia/commons/thumb/2/23/Elephants_at_Chester_Zoo.jpg/800px-Elephants_at_Chester_Zoo.jpg,"UK's most visited zoo with over 35000 animals."
24,"Lake Windermere",Nature,Windermere,Cumbria,"LA23 1LJ",54.37390000,-2.93760000,https://www.lakedistrict.gov.uk,,24-Jul,2,4.8,120,Lakes;Boating;Scenery,https://upload.wikimedia.org/wikipedia/commons/thumb/8/82/Windermere_Lake.jpg/800px-Windermere_Lake.jpg,"Largest natural lake in England."
25,"Eden Project",Nature,Bodelva,Cornwall,"PL24 2SG",50.36050000,-4.74470000,https://www.edenproject.com,"+44 1726 811911",09:30-18:00,4,4.5,180,Nature;Eco;Gardens,https://upload.wikimedia.org/wikipedia/commons/thumb/c/c2/Eden_Project_geodesic_domes_panorama.jpg/800px-Eden_Project_geodesic_domes_panorama.jpg,"Massive biomes housing the world's largest rainforest."
26,"St Michael's Mount",History,Marazion,Cornwall,"TR17 0HS",50.11710000,-5.47760000,https://www.stmichaelsmount.co.uk,"+44 1736 710265",10:00-17:00,3,4.7,120,Island;Castle;Tides,https://upload.wikimedia.org/wikipedia/commons/thumb/5/5f/St_Michael%27s_Mount_from_Marazion_Beach.jpg/800px-St_Michael%27s_Mount_from_Marazion_Beach.jpg,"Tidal island with a medieval church and castle."
27,"Windsor Castle",Castle,Windsor,Berkshire,"SL4 1NJ",51.48390000,-0.60440000,https://www.rct.uk/visit/windsor-castle,"+44 303 123 7304",10:00-17:15,4,4.5,120,Royal;History;Castle,https://upload.wikimedia.org/wikipedia/commons/thumb/6/60/Windsor_Castle_Upper_Ward_Quadrangle_view_from_Round_Tower.jpg/800px-Windsor_Castle_Upper_Ward_Quadrangle_view_from_Round_Tower.jpg,"The oldest and largest occupied castle in the world."
28,"Warwick Castle",Castle,Warwick,Warwickshire,"CV34 4QU",52.27920000,-1.58520000,https://www.warwick-castle.com,"+44 1926 495421",10:00-16:00,4,4.4,180,Family;Events;History,https://upload.wikimedia.org/wikipedia/commons/thumb/8/87/Warwick_Castle_East_Front.jpg/800px-Warwick_Castle_East_Front.jpg,"Medieval castle with daily shows and attractions."
29,"Titanic Belfast",Museum,"1 Olympic Way",Belfast,"BT3 9EP",54.60780000,-5.90800000,https://www.titanicbelfast.com,"+44 28 9076 6386",09:00-18:00,3,4.7,120,History;Maritime;Modern,https://upload.wikimedia.org/wikipedia/commons/thumb/7/77/Titanic_Belfast_2012.jpg/800px-Titanic_Belfast_2012.jpg,"Visitor attraction on the spot Titanic was built."
30,"Giant's Causeway",Nature,"44 Causeway Rd",Antrim,"BT57 8SU",55.24080000,-6.51160000,https://www.nationaltrust.org.uk,"+44 28 2073 1855",09:00-18:00,2,4.7,90,Nature;Hiking;Geology,https://upload.wikimedia.org/wikipedia/commons/thumb/1/15/Giants_Causeway_2010.jpg/800px-Giants_Causeway_2010.jpg,"Area of 40000 interlocking basalt columns."
31,"Carrick-a-Rede Rope Bridge",Nature,"119a Whitepark Rd",Antrim,"BT54 6LS",55.23980000,-6.33260000,https://www.nationaltrust.org.uk,"+44 28 2076 9839",09:30-17:30,3,4.6,60,Adventure;Views;Scary,https://upload.wikimedia.org/wikipedia/commons/thumb/e/e3/Carrick-a-Rede_Rope_Bridge_Northern_Ireland.jpg/800px-Carrick-a-Rede_Rope_Bridge_Northern_Ireland.jpg,"Rope bridge spanning 20 metres to a tiny island."
32,"Crumlin Road Gaol",History,"53-55 Crumlin Rd",Belfast,"BT14 6ST",54.60940000,-5.94220000,https://www.crumlinroadgaol.com,"+44 28 9074 1500",10:00-16:30,3,4.6,60,History;Dark;Tours,https://upload.wikimedia.org/wikipedia/commons/thumb/8/8a/Crumlin_Road_Gaol_Belfast.jpg/800px-Crumlin_Road_Gaol_Belfast.jpg,"19th-century prison with historical tours."
33,"Cardiff Castle",Castle,"Castle St",Cardiff,"CF10 3RB",51.48150000,-3.18060000,https://www.cardiffcastle.com,"+44 29 2087 8100",09:00-18:00,3,4.5,90,History;Gothic;Wales,https://upload.wikimedia.org/wikipedia/commons/thumb/7/78/Cardiff_Castle.jpg/800px-Cardiff_Castle.jpg,"Medieval castle and Victorian Gothic revival mansion."
34,"St Fagans National Museum",Museum,"St Fagans",Cardiff,"CF5 6XB",51.48680000,-3.27210000,https://museum.wales/stfagans,"+44 300 111 2333",10:00-17:00,1,4.8,180,"History;Open Air;Wales",https://upload.wikimedia.org/wikipedia/commons/thumb/9/90/St_Fagans_National_History_Museum.jpg/800px-St_Fagans_National_History_Museum.jpg,"Open-air museum chronicling Welsh life."
35,"Snowdon Mountain Railway",Nature,Llanberis,Gwynedd,"LL55 4TT",53.11650000,-4.11860000,https://snowdonrailway.co.uk,"+44 1286 870223","Varies by season",4,4.5,150,Nature;Train;Views,https://upload.wikimedia.org/wikipedia/commons/thumb/5/52/Snowdon_Mountain_Railway_No._2.jpg/800px-Snowdon_Mountain_Railway_No._2.jpg,"Rack and pinion railway to the summit of Snowdon."
36,"Pontcysyllte Aqueduct",Nature,"Station Rd",Wrexham,"LL20 7TG",52.97050000,-3.08780000,https://www.pontcysyllte-aqueduct.co.uk,,24-Jul,1,4.7,45,Views;Canal;Height,https://upload.wikimedia.org/wikipedia/commons/thumb/f/fe/Pontcysyllte_Aqueduct.jpg/800px-Pontcysyllte_Aqueduct.jpg,"Navigable aqueduct that carries the Llangollen Canal."
37,"Conwy Castle",Castle,"Rose Hill St",Conwy,"LL32 8AY",53.28010000,-3.82620000,https://cadw.gov.wales,"+44 300 025 2239",09:30-17:00,3,4.7,90,History;Fortress;Views,https://upload.wikimedia.org/wikipedia/commons/thumb/4/43/Conwy_Castle_from_south_west.jpg/800px-Conwy_Castle_from_south_west.jpg,"Gritty, dark-stoned fortress built by Edward I."
38,"Portmeirion Village",Attraction,Minffordd,Gwynedd,"LL48 6ER",52.91330000,-4.09910000,https://portmeirion.wales,"+44 1766 770000",09:30-18:30,3,4.4,120,Architecture;Italian;Unique,https://upload.wikimedia.org/wikipedia/commons/thumb/5/57/Portmeirion_Village.jpg/800px-Portmeirion_Village.jpg,"Tourist village designed in the style of an Italian village."
39,"Caernarfon Castle",Castle,"Castle Ditch",Gwynedd,"LL55 2AY",53.13930000,-4.27690000,https://cadw.gov.wales,"+44 300 025 2239",09:30-17:00,3,4.6,90,History;Royal;Fortress,https://upload.wikimedia.org/wikipedia/commons/thumb/c/c3/Caernarfon_Castle_Eagle_Tower_and_Queen%27s_Tower.jpg/800px-Caernarfon_Castle_Eagle_Tower_and_Queen%27s_Tower.jpg,"Medieval fortress and World Heritage Site."
40,"Eilean Donan Castle",Castle,Dornie,Highlands,"IV40 8DX",57.27390000,-5.51610000,https://www.eileandonancastle.com,"+44 1599 555202",10:00-16:00,3,4.6,60,Iconic;Views;Scotland,https://upload.wikimedia.org/wikipedia/commons/thumb/9/93/Eilean_Donan_Castle%2C_Scotland_-_May_2009.jpg/800px-Eilean_Donan_Castle%2C_Scotland_-_May_2009.jpg,"One of the most photographed monuments in Scotland."
41,"Skara Brae",History,Sandwick,Orkney,"KW16 3LR",59.04940000,-3.34110000,https://www.historicenvironment.scot,"+44 1856 841815",09:30-17:30,3,4.7,60,Ancient;Archaeology;Islands,https://upload.wikimedia.org/wikipedia/commons/thumb/2/22/Skara_Brae.jpg/800px-Skara_Brae.jpg,"Stone-built Neolithic settlement."
42,"Loch Ness Centre",Attraction,Drumnadrochit,Highlands,"IV63 6TU",57.33660000,-4.47950000,https://lochness.com,"+44 1456 453412",10:00-17:00,3,4.0,60,Mystery;Nature;Water,https://upload.wikimedia.org/wikipedia/commons/thumb/2/2a/Loch_Ness_looking_south.jpg/800px-Loch_Ness_looking_south.jpg,"Exhibition centre exploring the loch and its monster."
43,"Durham Cathedral",History,"The College",Durham,"DH1 3EH",54.77350000,-1.57640000,https://www.durhamcathedral.co.uk,"+44 191 338 7178",10:00-16:00,1,4.8,60,"Religion;Architecture;Harry Potter",https://upload.wikimedia.org/wikipedia/commons/thumb/0/07/Durham_Cathedral._The_River_Wear.jpg/800px-Durham_Cathedral._The_River_Wear.jpg,"UNESCO site and masterpiece of Romanesque architecture."
44,"Angel of the North",Art,"Durham Rd",Gateshead,"NE9 7TY",54.91410000,-1.58940000,https://www.gateshead.gov.uk,,24-Jul,1,4.4,20,Art;Iconic;Roadside,https://upload.wikimedia.org/wikipedia/commons/thumb/e/e0/Angel_of_the_North_across_A1.jpg/800px-Angel_of_the_North_across_A1.jpg,"Contemporary sculpture by Antony Gormley."
45,"Lindisfarne Castle",Castle,"Holy Island",Northumberland,"TD15 2SE",55.66870000,-1.78530000,https://www.nationaltrust.org.uk,"+44 1289 389244","Check tide times",3,4.5,60,History;Island;Tides,https://upload.wikimedia.org/wikipedia/commons/thumb/9/9c/Lindisfarne_Castle_Holy_Island.jpg/800px-Lindisfarne_Castle_Holy_Island.jpg,"16th-century castle located on Holy Island."
46,"Seven Sisters Cliffs",Nature,Exceat,Sussex,"BN25 4AD",50.75840000,0.19030000,https://www.sevensisters.org.uk,,24-Jul,1,4.8,120,Hiking;Views;Coast,https://upload.wikimedia.org/wikipedia/commons/thumb/6/6f/Seven_Sisters_Sussex.jpg/800px-Seven_Sisters_Sussex.jpg,"Series of chalk cliffs by the English Channel."
47,"Durdle Door",Nature,"West Lulworth",Dorset,"BH20 5PU",50.62110000,-2.27690000,https://www.visit-dorset.com,,24-Jul,1,4.7,90,Beaches;Hiking;Coast,https://upload.wikimedia.org/wikipedia/commons/thumb/2/23/Durdle_Door_Overview.jpg/800px-Durdle_Door_Overview.jpg,"Natural limestone arch on the Jurassic Coast."
48,"Cotswold Wildlife Park",Zoo,"Bradwell Grove",Burford,"OX18 4JP",51.78910000,-1.65690000,https://www.cotswoldwildlifepark.co.uk,"+44 1993 823006",10:00-18:00,3,4.6,180,Animals;Family;Gardens,https://upload.wikimedia.org/wikipedia/commons/thumb/f/f6/Cotswold_Wildlife_Park_Manor_House.jpg/800px-Cotswold_Wildlife_Park_Manor_House.jpg,"Park set in 160 acres of parkland and gardens."
49,"Blenheim Palace",History,Woodstock,Oxfordshire,"OX20 1PP",51.84160000,-1.36140000,https://www.blenheimpalace.com,"+44 1993 810530",10:30-17:30,4,4.5,150,History;Gardens;Luxury,https://upload.wikimedia.org/wikipedia/commons/thumb/c/c7/Blenheim_Palace_2006.jpg/800px-Blenheim_Palace_2006.jpg,"Monumental country house and birthplace of Churchill."
50,"Shakespeare's Birthplace",History,"Henley St",Stratford-upon-Avon,"CV37 6QW",52.19350000,-1.70680000,https://www.shakespeare.org.uk,"+44 1789 204016",10:00-16:00,3,4.4,60,History;Literature;Tudor,https://upload.wikimedia.org/wikipedia/commons/thumb/e/e4/Shakespeare%27s_Birthplace_Stratford.jpg/800px-Shakespeare%27s_Birthplace_Stratford.jpg,"Restored 16th-century half-timbered house."
51,"The Savoy",Hotel,Strand,London,"WC2R 0EZ",51.51060000,-0.12000000,https://www.thesavoylondon.com,"+44 20 7836 4343",24-Jul,4,4.7,0,Luxury;History;Iconic,,
52,"Hotel Cafe Royal",Hotel,"68 Regent Street",London,"W1B 4DY",51.51000000,-0.13600000,https://www.hotelcaferoyal.com,"+44 20 7406 3333",24-Jul,4,4.6,0,"Luxury;Spa;West End",,
53,"The Connaught",Hotel,"Carlos Place",London,"W1K 2AL",51.50970000,-0.14950000,https://www.the-connaught.co.uk,"+44 20 7499 7070",24-Jul,4,4.8,0,Luxury;Mayfair;Bar,,
54,"Raffles London at The OWO",Hotel,"57 Whitehall",London,"SW1A 2BX",51.50500000,-0.12600000,https://www.raffles.com/london,"+44 20 3907 7500",24-Jul,4,4.7,0,History;Luxury;New,,
55,Claridge's,Hotel,"Brook Street",London,"W1K 4HR",51.51260000,-0.14780000,https://www.claridges.co.uk,"+44 20 7629 8860",24-Jul,4,4.8,0,"Royalty;Tea;Art Deco",,
56,"The Ritz London",Hotel,"150 Piccadilly",London,"W1J 9BR",51.50700000,-0.14160000,https://www.theritzlondon.com,"+44 20 7493 8181",24-Jul,4,4.6,0,Iconic;Tea;Luxury,,
57,"The Dorchester",Hotel,"53 Park Lane",London,"W1K 1QA",51.50730000,-0.15340000,https://www.dorchestercollection.com,"+44 20 7629 8888",24-Jul,4,4.7,0,"Park Lane;Classic;Celebs",,
58,"Mandarin Oriental Hyde Park",Hotel,"66 Knightsbridge",London,"SW1X 7LA",51.50200000,-0.16000000,https://www.mandarinoriental.com,"+44 20 7235 2000",24-Jul,4,4.6,0,"Hyde Park;Luxury;Spa",,
59,"Shangri-La The Shard",Hotel,"31 St Thomas Street",London,"SE1 9QU",51.50450000,-0.08650000,https://www.shangri-la.com,"+44 20 7234 8000",24-Jul,4,4.7,0,Views;Modern;Romance,,
60,"The Langham",Hotel,"1C Portland Place",London,"W1B 1JA",51.51600000,-0.14400000,https://www.langhamhotels.com,"+44 20 7636 1000",24-Jul,4,4.6,0,"History;Tea;Regent St",,
61,"Rosewood London",Hotel,"252 High Holborn",London,"WC1V 7EN",51.51760000,-0.11800000,https://www.rosewoodhotels.com,"+44 20 7781 8888",24-Jul,4,4.7,0,Stylish;Bar;Central,,
62,"Ham Yard Hotel",Hotel,"1 Ham Yard",London,"W1D 7DT",51.51100000,-0.13500000,https://www.firmdalehotels.com,"+44 20 3642 2000",24-Jul,4,4.8,0,Boutique;Soho;Design,,
63,"Corinthia London",Hotel,"Whitehall Place",London,"SW1A 2BD",51.50680000,-0.12450000,https://www.corinthia.com,"+44 20 7930 8181",24-Jul,4,4.7,0,Spa;Luxury;Whitehall,,
64,"The Ned",Hotel,"27 Poultry",London,"EC2R 8AJ",51.51350000,-0.08900000,https://www.thened.com,"+44 20 3828 2000",24-Jul,3,4.5,0,City;Nightlife;Dining,,
65,"Sea Containers London",Hotel,"20 Upper Ground",London,"SE1 9PD",51.50800000,-0.10650000,https://www.seacontainerslondon.com,"+44 20 3747 1000",24-Jul,3,4.5,0,River;Views;Modern,,
66,"The Wolseley",Restaurant,"160 Piccadilly",London,"W1J 9EB",51.50720000,-0.14150000,https://www.thewolseley.com,"+44 20 7499 6996",07:00-23:00,3,4.6,90,Breakfast;Classic;Buzzing,,
67,Sketch,Restaurant,"9 Conduit Street",London,"W1S 2XG",51.51260000,-0.14130000,https://sketch.london,"+44 20 7659 4500",09:00-02:00,4,4.4,120,Instagrammable;Art;Unique,,
68,Gymkhana,Restaurant,"42 Albemarle Street",London,"W1S 4JH",51.50850000,-0.14120000,https://gymkhanalondon.com,"+44 20 7499 8010",12:00-22:30,4,4.6,120,Indian;Michelin;Spicy,,
69,"Dishoom Covent Garden",Restaurant,"12 Upper St Martin's Ln",London,"WC2H 9FB",51.51250000,-0.12700000,https://www.dishoom.com,"+44 20 7420 9320",08:00-23:00,2,4.7,90,Indian;Casual;Popular,,
70,"Hoppers Soho",Restaurant,"49 Frith Street",London,"W1D 4SG",51.51330000,-0.13150000,https://www.hopperslondon.com,,12:00-22:30,2,4.6,60,"Sri Lankan;Soho;Spicy",,
71,"Barrafina Dean Street",Restaurant,"26-27 Dean Street",London,"W1D 3LL",51.51350000,-0.13200000,https://www.barrafina.co.uk,"+44 20 7813 2555",12:00-23:00,3,4.7,75,Tapas;Counter;Spanish,,
72,Gloria,Restaurant,"54-56 Great Eastern St",London,"EC2A 3QR",51.52380000,-0.08250000,https://www.bigmammagroup.com,,12:00-22:45,3,4.6,90,Italian;Vibe;Instagram,,
73,"Circolo Popolare",Restaurant,"40-41 Rathbone Place",London,"W1T 1HX",51.51730000,-0.13450000,https://www.bigmammagroup.com,,12:00-22:45,3,4.6,90,Italian;Decor;Pasta,,
74,Miga,Restaurant,"1 Mare Street",London,"E8 4RP",51.53750000,-0.05500000,https://miga.london,,17:00-22:30,3,4.8,90,Korean;Modern;Hackney,,
75,Oma,Restaurant,"3 Bedale Street",London,"SE1 9AL",51.50520000,-0.09050000,https://oma.london,,12:00-23:00,3,4.5,90,Greek;Market;New,,
76,Brat,Restaurant,"4 Redchurch Street",London,"E1 6JL",51.52360000,-0.07650000,https://bratrestaurant.com,,12:00-23:00,3,4.5,90,Basque;Grill;Shoreditch,,
77,"St. JOHN",Restaurant,"26 St John Street",London,"EC1M 4AY",51.52050000,-0.10050000,https://stjohnrestaurant.com,"+44 20 7251 0848",12:00-23:00,3,4.5,120,British;Nose-to-Tail;Iconic,,
78,Lyle's,Restaurant,"56 Shoreditch High St",London,"E1 6JJ",51.52400000,-0.07700000,https://www.lyleslondon.com,"+44 20 3011 5911",12:00-23:00,4,4.6,120,"Modern British;Minimal;Foodie",,
79,"The Clove Club",Restaurant,"380 Old Street",London,"EC1V 9LT",51.52620000,-0.08050000,https://www.thecloveclub.com,"+44 20 7729 6496",18:00-22:00,4,4.6,150,"Fine Dining;Tasting;Top50",,
80,"Core by Clare Smyth",Restaurant,"92 Kensington Park Rd",London,"W11 2PN",51.51200000,-0.20450000,https://www.corebyclaresmyth.com,"+44 20 3937 5086",18:30-22:30,4,4.9,180,"Michelin;Fine Dining;Notting Hill",,
83,"The Shard",Attraction,"32 London Bridge St",London,"SE1 9SG",51.50450000,-0.08650000,https://www.the-shard.com,"+44 844 499 7111",10:00-22:00,4,4.6,60,Views;Skyscraper;Bar,,
84,"Buckingham Palace",Attraction,Westminster,London,"SW1A 1AA",51.50140000,-0.14190000,https://www.rct.uk/visit/buckingham-palace,"+44 303 123 7300",09:30-19:30,3,4.5,120,"Royal;Palace;Changing Guard",,
85,"Westminster Abbey",Attraction,"20 Deans Yd",London,"SW1P 3PA",51.49930000,-0.12730000,https://www.westminster-abbey.org,"+44 20 7222 5152",09:30-15:30,3,4.6,90,History;Royal;Church,,
86,"St Paul's Cathedral",Attraction,"St. Paul's Churchyard",London,"EC4M 8AD",51.51380000,-0.09840000,https://www.stpauls.co.uk,"+44 20 7246 8350",08:30-16:30,3,4.7,90,Architecture;Views;Church,,
87,"Tower Bridge",Attraction,"Tower Bridge Road",London,"SE1 2UP",51.50550000,-0.07540000,https://www.towerbridge.org.uk,"+44 20 7403 3761",09:30-18:00,2,4.7,60,Iconic;Views;River,,
88,"Kew Gardens",Attraction,Kew,London,"TW9 3AE",51.47870000,-0.29560000,https://www.kew.org,"+44 20 8332 5655",10:00-19:00,3,4.8,180,Nature;Gardens;Walk,,
89,"ZSL London Zoo",Attraction,"Regent's Park",London,"NW1 4RY",51.53530000,-0.15340000,https://www.zsl.org/zsl-london-zoo,"+44 344 225 1826",10:00-18:00,4,4.4,240,Animals;Family;Outdoor,,
90,"Madame Tussauds",Attraction,"Marylebone Road",London,"NW1 5LR",51.52300000,-0.15430000,https://www.madametussauds.com/london,"+44 871 894 3000",10:00-16:00,4,4.3,120,Wax;Celebs;Family,,
91,"London Dungeon",Attraction,"County Hall",London,"SE1 7PB",51.50330000,-0.11950000,https://www.thedungeons.com/london,"+44 20 7654 0809",10:00-17:00,4,4.4,90,Scary;History;Interactive,,
92,"SEA LIFE London",Attraction,"County Hall",London,"SE1 7PB",51.50330000,-0.11950000,https://www.visitsealife.com/london,"+44 20 7967 8025",10:00-17:00,4,4.3,90,Fish;Family;Aquarium,,
93,"Hampton Court Palace",Attraction,"Hampton Court Way",London,"KT8 9AU",51.40360000,-0.33780000,https://www.hrp.org.uk/hampton-court-palace,"+44 20 3166 6000",10:00-17:30,3,4.8,180,History;Tudor;Gardens,,
94,"Kensington Palace",Attraction,"Kensington Gardens",London,"W8 4PX",51.50500000,-0.18770000,https://www.hrp.org.uk/kensington-palace,"+44 20 3166 6000",10:00-18:00,3,4.4,90,Royal;History;Park,,
95,"Royal Albert Hall",Attraction,"Kensington Gore",London,"SW7 2AP",51.50090000,-0.17740000,https://www.royalalberthall.com,"+44 20 7589 8212",09:00-17:00,3,4.7,60,Music;Architecture;Iconic,,
98,"Covent Garden Market",Market,"The Market",London,"WC2E 8RF",51.51170000,-0.12330000,https://www.coventgarden.london,,10:00-20:00,1,4.6,60,"Shopping;Street Performers;Food",,
99,"Camden Market",Market,"Camden Lock Place",London,"NW1 8AF",51.54160000,-0.14630000,https://www.camdenmarket.com,"+44 20 7485 5511",10:00-18:00,2,4.6,120,Alternative;Food;Shopping,,
100,"Portobello Road Market",Market,"Portobello Road",London,"W11 1LA",51.51550000,-0.20450000,http://www.portobelloroad.co.uk,,09:00-19:00,1,4.5,120,"Antiques;Notting Hill;Saturday",,
103,"Science Museum",Museum,"Exhibition Road",London,"SW7 2DD",51.49750000,-0.17470000,https://www.sciencemuseum.org.uk,"+44 330 058 0058",10:00-18:00,1,4.5,120,Science;Kids;Interactive,,
104,"Victoria and Albert Museum",Museum,"Cromwell Road",London,"SW7 2RL",51.49660000,-0.17220000,https://www.vam.ac.uk,"+44 20 7942 2000",10:00-17:45,1,4.8,150,Art;Design;Fashion,,
106,"Tate Britain",Museum,Millbank,London,"SW1P 4RG",51.49110000,-0.12780000,https://www.tate.org.uk/visit/tate-britain,"+44 20 7887 8888",10:00-18:00,1,4.6,90,"British Art;Turner;Free",,
107,"National Gallery",Museum,"Trafalgar Square",London,"WC2N 5DN",51.50890000,-0.12830000,https://www.nationalgallery.org.uk,"+44 20 7747 2885",10:00-18:00,1,4.8,120,Art;Paintings;Free,,
108,"National Portrait Gallery",Museum,"St Martin's Place",London,"WC2H 0HE",51.50940000,-0.12810000,https://www.npg.org.uk,"+44 20 7306 0055",10:30-18:00,1,4.6,90,Portraits;History;Art,,
109,"Imperial War Museum",Museum,"Lambeth Road",London,"SE1 6HZ",51.49580000,-0.10860000,https://www.iwm.org.uk,"+44 20 7416 5000",10:00-18:00,1,4.7,120,War;History;Tanks,,
110,"Churchill War Rooms",Museum,"Clive Steps",London,"SW1A 2AQ",51.50220000,-0.12920000,https://www.iwm.org.uk/visits/churchill-war-rooms,"+44 20 7930 6961",09:30-18:00,3,4.8,90,History;WWII;Bunker,,
111,"London Transport Museum",Museum,"Covent Garden",London,"WC2E 7BB",51.51220000,-0.12270000,https://www.ltmuseum.co.uk,"+44 343 222 5000",10:00-18:00,3,4.6,90,Transport;Kids;Buses,,
112,"Royal Museums Greenwich",Museum,"Romney Road",London,"SE10 9NF",51.48120000,-0.00520000,https://www.rmg.co.uk,"+44 20 8858 4422",10:00-17:00,2,4.7,120,Maritime;Greenwich;History,,
113,"Design Museum",Museum,"Kensington High St",London,"W8 6AG",51.49960000,-0.20080000,https://designmuseum.org,"+44 20 3862 5900",10:00-18:00,2,4.4,90,Design;Modern;Architecture,,
114,"Saatchi Gallery",Museum,"Duke of York's HQ",London,"SW3 4RY",51.49070000,-0.15880000,https://www.saatchigallery.com,"+44 20 7811 3070",10:00-18:00,2,4.4,60,"Contemporary Art;Chelsea;Exhibitions",,
115,"Hyde Park",Park,Westminster,London,"W2 2UH",51.50730000,-0.16570000,https://www.royalparks.org.uk,,05:00-00:00,1,4.7,120,Park;Boating;Walk,,
116,"Regent's Park",Park,Camden,London,"NW1 4NR",51.53130000,-0.15690000,https://www.royalparks.org.uk,,05:00-21:30,1,4.7,90,Park;Roses;Gardens,,
117,"St James's Park",Park,"The Mall",London,"SW1A 2BJ",51.50250000,-0.13480000,https://www.royalparks.org.uk,,05:00-00:00,1,4.8,60,Park;Palace;Pelicans,,
118,"Greenwich Park",Park,Greenwich,London,"SE10 8QY",51.47690000,0.00050000,https://www.royalparks.org.uk,,06:00-21:00,1,4.8,90,Park;Views;Observatory,,
119,"Richmond Park",Park,Richmond,London,"TW10 5HS",51.44260000,-0.28000000,https://www.royalparks.org.uk,,07:00-20:30,1,4.8,180,Deer;Nature;Wild,,
120,"Shakespeare's Globe",Theatre,"21 New Globe Walk",London,"SE1 9DT",51.50810000,-0.09720000,https://www.shakespearesglobe.com,"+44 20 7902 1400",Varies,3,4.7,150,Theatre;Shakespeare;OpenAir,,
121,"Royal Opera House",Theatre,"Bow Street",London,"WC2E 9DD",51.51290000,-0.12210000,https://www.roh.org.uk,"+44 20 7304 4000",Varies,4,4.7,180,Opera;Ballet;CoventGarden,,
122,"National Theatre",Theatre,"Upper Ground",London,"SE1 9PX",51.50690000,-0.11410000,https://www.nationaltheatre.org.uk,"+44 20 7452 3000",Varies,3,4.7,150,Theatre;Southbank;Culture,,
123,"The Old Vic",Theatre,"The Cut",London,"SE1 8NB",51.50200000,-0.10950000,https://www.oldvictheatre.com,"+44 344 871 7628",Varies,3,4.6,150,Theatre;Historic;Waterloo,,
124,"London Palladium",Theatre,"Argyll Street",London,"W1F 7TF",51.51450000,-0.14080000,https://lwtheatres.co.uk,,Varies,3,4.6,150,Theatre;Musical;WestEnd,,
125,Harrods,Shopping,"Brompton Road",London,"SW1X 7XL",51.49940000,-0.16320000,https://www.harrods.com,"+44 20 7730 1234",10:00-21:00,4,4.5,120,Luxury;Shopping;FoodHall,,
126,Selfridges,Shopping,"400 Oxford Street",London,"W1A 1AB",51.51440000,-0.15280000,https://www.selfridges.com,"+44 800 123 400",10:00-22:00,3,4.6,120,Shopping;Fashion;OxfordSt,,
127,"Liberty London",Shopping,"Regent Street",London,"W1B 5AH",51.51420000,-0.13960000,https://www.libertylondon.com,"+44 20 7734 1234",10:00-20:00,3,4.7,60,Tudor;Fabric;Luxury,,
128,"Fortnum & Mason",Shopping,"181 Piccadilly",London,"W1A 1ER",51.50830000,-0.13840000,https://www.fortnumandmason.com,"+44 20 7734 8040",10:00-20:00,4,4.6,60,Tea;Gifts;Royal,,
129,"Twist Museum",Museum,"248 Oxford Street",London,"W1C 1NY",51.51430000,-0.15000000,https://twistmuseum.com,,10:00-20:00,3,4.5,60,Illusions;Interactive;Fun,,
130,"ABBA Voyage",Attraction,"Pudding Mill Lane",London,"E15 2RU",51.53230000,-0.01040000,https://abbavoyage.com,,Varies,4,4.9,120,Music;Concert;Unique,,
131,"Cutty Sark",Attraction,"King William Walk",London,"SE10 9HT",51.48280000,-0.00960000,https://www.rmg.co.uk/cutty-sark,"+44 20 8858 4422",10:00-17:00,3,4.6,60,Ship;History;Greenwich,,
132,"O2 Arena","Music Venue","Peninsula Square",London,"SE10 0DX",51.50300000,0.00320000,https://www.theo2.co.uk,"+44 20 8463 2000",Varies,3,4.5,180,Concerts;Entertainment;Dome,,
133,"Wembley Stadium","Sport Venue",Wembley,London,"HA9 0WS",51.55600000,-0.27960000,https://www.wembleystadium.com,"+44 800 169 2007",Varies,3,4.6,180,Football;Sports;Iconic,,
134,"Emirates Stadium","Sport Venue","Hornsey Road",London,"N7 7AJ",51.55490000,-0.10840000,https://www.arsenal.com,"+44 20 7619 5000",Varies,3,4.6,120,Football;Arsenal;Tour,,
135,"Seven Dials Market",Food,"Earlham Street",London,"WC2H 9LX",51.51340000,-0.12650000,https://www.sevendialsmarket.com,,11:00-22:00,2,4.5,60,FoodHall;CoventGarden;Lunch,,
136,"King's College Chapel",Attraction,"King's Parade",Cambridge,"CB2 1ST",52.20470000,0.11650000,https://www.kings.cam.ac.uk/chapel,"+44 1223 331100",09:30-15:30,3,4.7,60,History;Architecture;Iconic,https://upload.wikimedia.org/wikipedia/commons/thumb/c/c2/KingsCollegeChapelWest.jpg/800px-KingsCollegeChapelWest.jpg,"Masterpiece of English Gothic architecture and home to the famous choir."
137,"The Fitzwilliam Museum",Museum,"Trumpington Street",Cambridge,"CB2 1RB",52.20030000,0.11970000,https://www.fitzmuseum.cam.ac.uk,"+44 1223 332900",10:00-17:00,1,4.7,120,Art;History;Free,https://upload.wikimedia.org/wikipedia/commons/thumb/1/13/Fitzwilliam_Museum_Exterior_2010.jpg/800px-Fitzwilliam_Museum_Exterior_2010.jpg,"The art and antiquities museum of the University of Cambridge."
138,"Cambridge Botanic Garden",Nature,"1 Brookside",Cambridge,"CB2 1JE",52.19360000,0.12870000,https://www.botanic.cam.ac.uk,"+44 1223 336265",10:00-18:00,3,4.8,120,Nature;Gardens;Walk,https://upload.wikimedia.org/wikipedia/commons/thumb/b/b3/Cambridge_University_Botanic_Garden_Glasshouse.jpg/800px-Cambridge_University_Botanic_Garden_Glasshouse.jpg,"Heritage-listed garden maintaining a collection of 8000 plant species."
139,"The Eagle",Pub,"8 Benet Street",Cambridge,"CB2 3QN",52.20400000,0.11890000,https://www.greeneking-pubs.co.uk,"+44 1223 505020",11:00-23:00,2,4.4,60,History;Pub;DNA,https://upload.wikimedia.org/wikipedia/commons/thumb/6/69/The_Eagle_Pub_Cambridge.jpg/800px-The_Eagle_Pub_Cambridge.jpg,"Historic pub where Watson and Crick announced the discovery of DNA."
140,"The Varsity Hotel & Spa",Hotel,"24 Thompsons Lane",Cambridge,"CB5 8AQ",52.21090000,0.11700000,https://www.thevarsityhotel.co.uk,"+44 1223 306030",24-Jul,4,4.5,0,Luxury;Views;Spa,https://upload.wikimedia.org/wikipedia/commons/thumb/5/5e/Cambridge_Varsity_Hotel.jpg/800px-Cambridge_Varsity_Hotel.jpg,"Boutique hotel with a spectacular rooftop bar overlooking the city."
141,"River Bar Steakhouse",Restaurant,Quayside,Cambridge,"CB5 8AQ",52.21100000,0.11720000,https://riverbarsteakhouse.com,"+44 1223 307030",12:00-22:00,3,4.5,90,Food;Steak;River,https://upload.wikimedia.org/wikipedia/commons/thumb/a/a3/Cambridge_Punting.jpg/800px-Cambridge_Punting.jpg,"Premium steakhouse located in a converted warehouse by the river."
142,"Bodleian Library",Attraction,"Broad Street",Oxford,"OX1 3BG",51.75390000,-1.25510000,https://www.bodleian.ox.ac.uk,"+44 1865 277094",09:00-17:00,3,4.8,90,"History;Harry Potter;Books",https://upload.wikimedia.org/wikipedia/commons/thumb/2/22/Bodleian_Library_Oxford.jpg/800px-Bodleian_Library_Oxford.jpg,"One of the oldest libraries in Europe with over 13 million items."
143,"Ashmolean Museum",Museum,"Beaumont Street",Oxford,"OX1 2PH",51.75540000,-1.26020000,https://www.ashmolean.org,"+44 1865 278000",10:00-17:00,1,4.7,150,Art;Archaeology;Free,https://upload.wikimedia.org/wikipedia/commons/thumb/4/4a/Ashmolean_Museum_Entrance.jpg/800px-Ashmolean_Museum_Entrance.jpg,"Britain's first public museum, founded in 1683."
144,"Oxford Castle & Prison",Attraction,"44-46 Oxford Castle",Oxford,"OX1 1AY",51.75160000,-1.26250000,https://www.oxfordcastleandprison.co.uk,"+44 1865 260666",10:00-17:30,3,4.4,90,History;Tours;Views,https://upload.wikimedia.org/wikipedia/commons/thumb/f/f3/Oxford_Castle_Motte.jpg/800px-Oxford_Castle_Motte.jpg,"Partly ruined Norman castle with guided tours of the prison cells."
145,"The Turf Tavern",Pub,"4-5 Bath Place",Oxford,"OX1 3SU",51.75470000,-1.25360000,https://www.greeneking-pubs.co.uk,"+44 1865 243235",11:00-23:00,2,4.5,90,"Hidden Gem;Ale;History",https://upload.wikimedia.org/wikipedia/commons/thumb/c/c4/Turf_Tavern_Oxford.jpg/800px-Turf_Tavern_Oxford.jpg,"Famous hidden pub frequented by literary and political giants."
146,"The Grand Cafe",Cafe,"84 High Street",Oxford,"OX1 4BG",51.75230000,-1.25180000,https://www.thegrandcafe.co.uk,"+44 1865 204463",09:00-18:30,3,4.2,60,Tea;History;Elegant,https://upload.wikimedia.org/wikipedia/commons/thumb/9/9e/Grand_Cafe_Oxford.jpg/800px-Grand_Cafe_Oxford.jpg,"The site of the first coffee house in England, established in 1650."
147,"Malmaison Oxford",Hotel,"Oxford Castle",Oxford,"OX1 1AY",51.75140000,-1.26280000,https://www.malmaison.com,"+44 1865 689944",24-Jul,4,4.5,0,Unique;Luxury;Prison,https://upload.wikimedia.org/wikipedia/commons/thumb/8/87/Malmaison_Oxford.jpg/800px-Malmaison_Oxford.jpg,"Boutique hotel converted from a Victorian prison."
148,"The Roman Baths",History,"Abbey Church Yard",Bath,"BA1 1LZ",51.38090000,-2.35950000,https://www.romanbaths.co.uk,"+44 1225 477785",09:00-18:00,4,4.7,120,History;Must-See;Romans,https://upload.wikimedia.org/wikipedia/commons/thumb/d/de/Roman_Baths_in_Bath_SPA.jpg/800px-Roman_Baths_in_Bath_SPA.jpg,"Well-preserved Roman site for public bathing."
149,"Bath Abbey",Attraction,"Orange Grove",Bath,"BA1 1LT",51.38140000,-2.35890000,https://www.bathabbey.org,"+44 1225 422462",10:00-17:30,2,4.6,45,Religion;Architecture;Views,https://upload.wikimedia.org/wikipedia/commons/thumb/1/18/Bath_Abbey_West_Front.jpg/800px-Bath_Abbey_West_Front.jpg,"Parish church known for its fan vaulting and tower tours."
150,"The Royal Crescent",Attraction,"Royal Crescent",Bath,"BA1 2LS",51.38720000,-2.36860000,https://no1royalcrescent.org.uk,,24-Jul,1,4.7,30,Architecture;Walk;Bridgerton,https://upload.wikimedia.org/wikipedia/commons/thumb/9/90/Royal_Crescent_Bath.jpg/800px-Royal_Crescent_Bath.jpg,"A row of 30 terraced houses laid out in a sweeping crescent."
151,"Thermae Bath Spa",Spa,"The Hetling Pump Room",Bath,"BA1 1SJ",51.38030000,-2.36110000,https://www.thermaebathspa.com,"+44 1225 331234",09:00-21:30,4,4.4,120,Relax;Pool;Views,https://upload.wikimedia.org/wikipedia/commons/thumb/f/f6/Thermae_Bath_Spa_Rooftop_Pool.jpg/800px-Thermae_Bath_Spa_Rooftop_Pool.jpg,"Britain's only natural thermal spa with a rooftop pool."
153,"The Gainsborough",Hotel,"Beau Street",Bath,"BA1 1QY",51.38000000,-2.36050000,https://www.thegainsboroughbathspa.co.uk,"+44 1225 358888",24-Jul,4,4.6,0,Luxury;Spa;Hotel,https://upload.wikimedia.org/wikipedia/commons/thumb/a/a2/Gainsborough_Hotel_Bath.jpg/800px-Gainsborough_Hotel_Bath.jpg,"5-star hotel with exclusive access to natural thermal waters."
154,"Cadbury World",Attraction,"Linden Road",Birmingham,"B30 1JR",52.42990000,-1.93240000,https://www.cadburyworld.co.uk,"+44 121 393 6004",09:30-16:30,4,4.4,180,Family;Chocolate;Fun,https://upload.wikimedia.org/wikipedia/commons/thumb/f/f3/Cadbury_World_Entrance.jpg/800px-Cadbury_World_Entrance.jpg,"Visitor attraction created by the Cadbury chocolate company."
155,"National SEA LIFE Centre",Attraction,"The Water's Edge",Birmingham,"B1 2HL",52.47920000,-1.91610000,https://www.visitsealife.com,"+44 121 643 6777",10:00-16:00,3,4.4,120,Family;Animals;Indoor,https://upload.wikimedia.org/wikipedia/commons/thumb/5/52/Sea_Life_Centre_Birmingham.jpg/800px-Sea_Life_Centre_Birmingham.jpg,"Aquarium housing over 2000 creatures including sea otters."
156,"Birmingham Museum & Art Gallery",Museum,"Chamberlain Square",Birmingham,"B3 3DH",52.48020000,-1.90380000,https://www.birminghammuseums.org.uk,"+44 121 348 8000",10:00-17:00,1,4.6,120,Art;History;Culture,https://upload.wikimedia.org/wikipedia/commons/thumb/8/87/Birmingham_Museum_and_Art_Gallery.jpg/800px-Birmingham_Museum_and_Art_Gallery.jpg,"Museum exhibiting pre-Raphaelite art and the Staffordshire Hoard."
157,"Library of Birmingham",Attraction,"Centenary Square",Birmingham,"B1 2ND",52.47950000,-1.90880000,https://www.birmingham.gov.uk,"+44 121 242 4242",11:00-19:00,1,4.5,60,Modern;Views;Architecture,https://upload.wikimedia.org/wikipedia/commons/thumb/d/d1/Library_of_Birmingham_Exterior.jpg/800px-Library_of_Birmingham_Exterior.jpg,"Postmodern library with rooftop gardens and panoramic views."
158,"Adam's Restaurant",Restaurant,"16 Waterloo Street",Birmingham,"B2 5UG",52.48050000,-1.89970000,https://www.adamsrestaurant.co.uk,"+44 121 643 3745",12:00-13:30,4,4.9,120,"Michelin;Fine Dining;Modern",https://upload.wikimedia.org/wikipedia/commons/thumb/e/e4/Birmingham_Council_House.jpg/800px-Birmingham_Council_House.jpg,"Contemporary British fine dining in a stylish setting."
159,"The Grand Hotel",Hotel,"Colmore Row",Birmingham,"B3 2DA",52.48110000,-1.89880000,https://www.thegrandhotelbirmingham.co.uk,"+44 121 827 9600",24-Jul,4,4.7,0,Luxury;History;Central,https://upload.wikimedia.org/wikipedia/commons/thumb/1/15/Grand_Hotel_Birmingham.jpg/800px-Grand_Hotel_Birmingham.jpg,"Landmark Victorian hotel blending old-world luxury with modern style."
160,"National Space Centre",Museum,"Exploration Drive",Leicester,"LE4 5NS",52.65360000,-1.13320000,https://spacecentre.co.uk,"+44 116 261 0261",10:00-16:00,3,4.6,180,Space;Science;Family,https://upload.wikimedia.org/wikipedia/commons/thumb/4/4d/National_Space_Centre%2C_Leicester.jpg/960px-National_Space_Centre%2C_Leicester.jpg,"Museum and educational resource covering the fields of space science."
161,"King Richard III Visitor Centre",Attraction,"4A St Martin's",Leicester,"LE1 5DB",52.63460000,-1.13520000,https://kriii.com,"+44 116 229 4132",10:00-16:00,3,4.5,90,History;Royal;Interactive,https://upload.wikimedia.org/wikipedia/commons/thumb/2/2a/Dynasty_Death_and_Discovery%2C_Richard_III_museum_entrance.png/960px-Dynasty_Death_and_Discovery%2C_Richard_III_museum_entrance.png,"Exhibition telling the story of the life, death, and discovery of Richard III."
162,"Leicester Cathedral",History,"Peacock Lane",Leicester,"LE1 5PZ",52.63490000,-1.13620000,https://leicestercathedral.org,"+44 116 261 5200",08:00-18:00,1,4.6,45,Religion;History;Tomb,https://upload.wikimedia.org/wikipedia/commons/thumb/1/10/Leicester_Cathedral_south_facade.jpg/500px-Leicester_Cathedral_south_facade.jpg,"The final resting place of King Richard III."
163,"Bradgate Park",Nature,"Newtown Linford",Leicester,"LE6 0HE",52.68620000,-1.21730000,https://www.bradgatepark.org,"+44 116 236 2713",07:45-19:00,1,4.8,120,Nature;Deer;Walking,https://upload.wikimedia.org/wikipedia/commons/thumb/6/67/Bradgate_park_rocks.jpg/500px-Bradgate_park_rocks.jpg,"Medieval deer park with rocky outcrops and historic ruins."
164,Kayal,Restaurant,"153 Granby Street",Leicester,"LE1 6FE",52.63220000,-1.12750000,https://www.kayalrestaurant.com,"+44 116 255 4667",12:00-23:00,2,4.5,90,Food;Indian;Kerala,https://upload.wikimedia.org/wikipedia/commons/thumb/a/a3/Granby_Street_Leicester.jpg/800px-Granby_Street_Leicester.jpg,"Authentic Keralan seafood and cuisine in a relaxed setting."
165,"St Martins Lodge",Hotel,"2 Peacock Lane",Leicester,"LE1 5PZ",52.63480000,-1.13580000,https://www.stmartinslodge.co.uk,"+44 116 261 5200",24-Jul,3,4.8,0,Boutique;History;Central,https://upload.wikimedia.org/wikipedia/commons/thumb/f/f3/Leicester_Cathedral_Exterior.jpg/800px-Leicester_Cathedral_Exterior.jpg,"Luxury accommodation located opposite the Cathedral."
166,"Old Trafford",Attraction,"Sir Matt Busby Way",Manchester,"M16 0RA",53.46310000,-2.29130000,https://www.manutd.com,"+44 161 868 8000",09:30-16:00,3,4.6,120,Sports;Football;Iconic,https://upload.wikimedia.org/wikipedia/commons/thumb/3/33/Manchester_United_Old_Trafford.jpg/800px-Manchester_United_Old_Trafford.jpg,"The historic home of Manchester United Football Club, known as the Theatre of Dreams."
167,"John Rylands Library",Attraction,"150 Deansgate",Manchester,"M3 3EH",53.48010000,-2.24760000,https://www.library.manchester.ac.uk/rylands,"+44 161 306 0555",10:00-17:00,1,4.8,60,"Architecture;Harry Potter;Library",https://upload.wikimedia.org/wikipedia/commons/thumb/8/87/John_Rylands_Library_Manchester.jpg/800px-John_Rylands_Library_Manchester.jpg,"A neo-Gothic masterpiece housing one of the world's finest collections of rare books."
168,"Science and Industry Museum",Museum,"Liverpool Road",Manchester,"M3 4FP",53.47710000,-2.25500000,https://www.scienceandindustrymuseum.org.uk,"+44 330 058 0058",10:00-17:00,1,4.5,120,Science;Industrial;Kids,https://upload.wikimedia.org/wikipedia/commons/thumb/c/c5/Museum_of_Science_and_Industry_Manchester.jpg/800px-Museum_of_Science_and_Industry_Manchester.jpg,"Museum exploring Manchester's rich legacy of scientific and industrial innovations."
169,"The Ivy Spinningfields",Restaurant,"The Pavilion",Manchester,"M3 3GY",53.48020000,-2.25140000,https://theivymanchester.com,"+44 161 503 3222",08:30-00:00,4,4.4,120,Dining;Luxury;Instagrammable,https://upload.wikimedia.org/wikipedia/commons/thumb/5/53/Spinningfields_Manchester.jpg/800px-Spinningfields_Manchester.jpg,"Upscale dining with a roof garden in the heart of the business district."
170,"Dakota Manchester",Hotel,"29 Ducie Street",Manchester,"M1 2JL",53.48080000,-2.23230000,https://www.dakotahotels.co.uk,"+44 161 674 9180",24-Jul,4,4.8,0,Hotel;Luxury;Romantic,https://upload.wikimedia.org/wikipedia/commons/thumb/9/98/Piccadilly_Basin_Manchester.jpg/800px-Piccadilly_Basin_Manchester.jpg,"Sophisticated luxury hotel known for its dark, stylish aesthetic and service."
171,"Clifton Suspension Bridge",Attraction,"Bridge Road",Bristol,"BS8 3PA",51.45490000,-2.62780000,https://cliftonbridge.org.uk,"+44 117 974 4664",24-Jul,1,4.7,45,Views;Iconic;Engineering,https://upload.wikimedia.org/wikipedia/commons/thumb/0/03/Clifton_Suspension_Bridge_spanning_the_Avon_Gorge.jpg/800px-Clifton_Suspension_Bridge_spanning_the_Avon_Gorge.jpg,"Brunel's iconic suspension bridge spanning the picturesque Avon Gorge."
172,"SS Great Britain",Museum,"Great Western Dockyard",Bristol,"BS1 6TY",51.44960000,-2.60720000,https://www.ssgreatbritain.org,"+44 117 926 0680",10:00-17:00,3,4.8,150,History;Maritime;Family,https://upload.wikimedia.org/wikipedia/commons/thumb/9/90/SS_Great_Britain_Bristol.jpg/800px-SS_Great_Britain_Bristol.jpg,"Museum ship that was the longest passenger ship in the world from 1845 to 1854."
173,"St Nicholas Market",Market,"The Corn Exchange",Bristol,"BS1 1JQ",51.45420000,-2.59250000,https://www.bristol.gov.uk,,09:30-17:00,1,4.6,60,Food;Shopping;Local,https://upload.wikimedia.org/wikipedia/commons/thumb/6/64/St_Nicholas_Market_Bristol.jpg/800px-St_Nicholas_Market_Bristol.jpg,"Vibrant indoor market with a wide array of independent food stalls."
174,"Royal Armouries Museum",Museum,"Armouries Drive",Leeds,"LS10 1LT",53.79180000,-1.53230000,https://royalarmouries.org,"+44 113 220 1999",10:00-17:00,1,4.7,120,History;Weapons;Free,https://upload.wikimedia.org/wikipedia/commons/thumb/b/b2/Royal_Armouries_Museum_Leeds.jpg/800px-Royal_Armouries_Museum_Leeds.jpg,"National museum housing the national collection of arms and armour."
175,"Kirkstall Abbey",Attraction,"Abbey Road",Leeds,"LS5 3EH",53.82060000,-1.60620000,https://museumsandgalleries.leeds.gov.uk,"+44 113 378 4079",10:00-16:00,1,4.6,60,Ruins;History;Park,https://upload.wikimedia.org/wikipedia/commons/thumb/9/93/Kirkstall_Abbey_Leeds.jpg/800px-Kirkstall_Abbey_Leeds.jpg,"One of the most complete examples of a medieval Cistercian abbey in Britain."
176,"Harewood House",Attraction,Harewood,Leeds,"LS17 9LG",53.89670000,-1.52730000,https://harewood.org,"+44 113 218 1010",10:00-17:00,3,4.6,180,"Stately Home;Gardens;Art",https://upload.wikimedia.org/wikipedia/commons/thumb/5/53/Harewood_House_South_Front.jpg/800px-Harewood_House_South_Front.jpg,"18th-century country house with an exotic bird garden and Himalayan garden."
177,"Newcastle Castle",Attraction,"The Black Gate",Newcastle,"NE1 1RQ",54.96970000,-1.61120000,https://www.newcastlecastle.co.uk,"+44 191 230 6300",10:00-17:00,2,4.5,60,History;Views;Fortress,https://upload.wikimedia.org/wikipedia/commons/thumb/1/18/Newcastle_Castle_Keep.jpg/800px-Newcastle_Castle_Keep.jpg,"The medieval fortification that gave the city of Newcastle its name."
178,"The Alnwick Garden",Attraction,"Denwick Lane",Northumberland,"NE66 1YU",55.41360000,-1.69850000,https://www.alnwickgarden.com,"+44 1665 511350",10:00-17:00,3,4.6,150,"Gardens;Poison Garden;Family",https://upload.wikimedia.org/wikipedia/commons/thumb/5/5d/Alnwick_Garden_Cascade.jpg/800px-Alnwick_Garden_Cascade.jpg,"Complex of formal gardens adjacent to Alnwick Castle featuring a Poison Garden."
179,"Hadrian's Wall (Housesteads)",History,Hexham,Northumberland,"NE47 6NN",55.01350000,-2.32940000,https://www.english-heritage.org.uk,"+44 1434 344363",10:00-17:00,2,4.7,90,Romans;Hiking;Ruins,https://upload.wikimedia.org/wikipedia/commons/thumb/5/5e/Hadrians_Wall_Housesteads.jpg/800px-Hadrians_Wall_Housesteads.jpg,"The most complete Roman fort on Hadrian's Wall with stunning views."
180,"Chatsworth House",Attraction,Bakewell,Derbyshire,"DE45 1PP",53.22850000,-1.61040000,https://www.chatsworth.org,"+44 1246 565300",10:00-17:00,4,4.8,240,"Stately Home;Pride & Prejudice;Gardens",https://upload.wikimedia.org/wikipedia/commons/thumb/3/3e/Chatsworth_House_from_South_West.jpg/800px-Chatsworth_House_from_South_West.jpg,"Magnificent stately home used as Pemberley in Pride & Prejudice."
181,"Alton Towers","Theme Park","Farley Lane",Staffordshire,"ST10 4DB",52.98750000,-1.89430000,https://www.altontowers.com,"+44 1538 704096",10:00-17:00,4,4.5,360,Thrills;Family;Coasters,https://upload.wikimedia.org/wikipedia/commons/thumb/d/d4/Alton_Towers_Gardens.jpg/800px-Alton_Towers_Gardens.jpg,"The UK's largest theme park with world-class rollercoasters."
182,"Blackpool Pleasure Beach","Theme Park","525 Ocean Blvd",Blackpool,"FY4 1EZ",53.79150000,-3.05600000,https://www.blackpoolpleasurebeach.com,"+44 871 222 1234",11:00-17:00,4,4.4,240,Seaside;Fun;Coasters,https://upload.wikimedia.org/wikipedia/commons/thumb/3/36/The_Big_One_Blackpool_Pleasure_Beach.jpg/800px-The_Big_One_Blackpool_Pleasure_Beach.jpg,"Historic amusement park featuring 'The Big One' rollercoaster."
183,"Blackpool Tower",Attraction,Promenade,Blackpool,"FY1 4BJ",53.81590000,-3.05530000,https://www.theblackpooltower.com,"+44 1253 622242",10:00-17:00,3,4.5,90,Views;Iconic;Ballroom,https://upload.wikimedia.org/wikipedia/commons/thumb/a/a2/Blackpool_Tower_2016.jpg/800px-Blackpool_Tower_2016.jpg,"Iconic Victorian tower with a circus, dungeon, and famous ballroom."
184,"Canterbury Cathedral",History,"The Precincts",Canterbury,"CT1 2EH",51.27980000,1.08280000,https://www.canterbury-cathedral.org,"+44 1227 762862",10:00-17:00,3,4.7,90,Religion;History;Pilgrimage,https://upload.wikimedia.org/wikipedia/commons/thumb/6/63/Canterbury_Cathedral_Exterior.jpg/800px-Canterbury_Cathedral_Exterior.jpg,"One of the oldest and most famous Christian structures in England."
185,"White Cliffs of Dover",Nature,"Upper Road",Dover,"CT16 1HJ",51.13170000,1.34680000,https://www.nationaltrust.org.uk,,24-Jul,1,4.7,90,Hiking;Views;Iconic,https://upload.wikimedia.org/wikipedia/commons/thumb/3/33/White_Cliffs_of_Dover_02.jpg/800px-White_Cliffs_of_Dover_02.jpg,"Iconic chalk cliffs facing France across the English Channel."
186,"Leeds Castle",Castle,Maidstone,Kent,"ME17 1PL",51.24830000,0.62930000,https://www.leeds-castle.com,"+44 1622 765400",10:00-16:30,4,4.6,180,History;Moat;Gardens,https://upload.wikimedia.org/wikipedia/commons/thumb/8/82/Leeds_Castle_Kent.jpg/800px-Leeds_Castle_Kent.jpg,"Picturesque castle rising from a moat, often called the loveliest in the world."
187,"Cheddar Gorge",Nature,Cheddar,Somerset,"BS27 3QF",51.28160000,-2.76670000,https://www.cheddargorge.co.uk,,24-Jul,1,4.6,120,Hiking;Caves;Cheese,https://upload.wikimedia.org/wikipedia/commons/thumb/d/d4/Cheddar_Gorge_Somerset.jpg/800px-Cheddar_Gorge_Somerset.jpg,"Britain's largest gorge with stunning cliffs and show caves."
188,"Wookey Hole Caves",Attraction,"The Mill",Wells,"BA5 1BB",51.22440000,-2.67380000,https://www.wookey.co.uk,"+44 1749 672243",10:00-16:00,3,4.4,120,Caves;Family;Witch,https://upload.wikimedia.org/wikipedia/commons/thumb/e/e3/Wookey_Hole_Cave.jpg/800px-Wookey_Hole_Cave.jpg,"Series of limestone caverns and underground river famous for the Witch of Wookey."
189,"Glastonbury Tor",Nature,Glastonbury,Somerset,"BA6 8BH",51.14470000,-2.69860000,https://www.nationaltrust.org.uk,,24-Jul,1,4.8,60,Views;Spiritual;Hiking,https://upload.wikimedia.org/wikipedia/commons/thumb/1/1c/Glastonbury_Tor_Somerset.jpg/800px-Glastonbury_Tor_Somerset.jpg,"Conical hill topped by the roofless St Michael's Tower, linked to King Arthur."
190,"Tintagel Castle",History,Tintagel,Cornwall,"PL34 0HE",50.66750000,-4.75880000,https://www.english-heritage.org.uk,"+44 370 333 1181",10:00-17:00,3,4.7,120,"King Arthur;Ruins;Coast",https://upload.wikimedia.org/wikipedia/commons/thumb/e/e6/Tintagel_Castle_Bridge.jpg/800px-Tintagel_Castle_Bridge.jpg,"Medieval fortification located on the peninsula of Tintagel Island."
191,"Minack Theatre",Attraction,Porthcurno,Cornwall,"TR19 6JU",50.04060000,-5.65100000,https://www.minack.com,"+44 1736 810181",10:00-16:30,2,4.8,90,Theatre;Views;Unique,https://upload.wikimedia.org/wikipedia/commons/thumb/1/1a/Minack_Theatre_Cornwall.jpg/800px-Minack_Theatre_Cornwall.jpg,"Open-air theatre carved into the granite cliff overlooking the sea."
192,"The Lost Gardens of Heligan",Nature,Pentewan,Cornwall,"PL26 6EN",50.28580000,-4.81180000,https://www.heligan.com,"+44 1726 845100",10:00-17:00,3,4.7,180,Gardens;Nature;Walk,https://upload.wikimedia.org/wikipedia/commons/thumb/c/ca/Heligan_Gardens_Mud_Maid.jpg/800px-Heligan_Gardens_Mud_Maid.jpg,"One of the most popular botanical gardens in the UK, rediscovered in 1990."
193,"Land's End",Attraction,Sennen,Cornwall,"TR19 7AA",50.06570000,-5.71300000,https://landsend-landmark.co.uk,,10:00-17:00,2,3.9,60,Views;Landmark;Coast,https://upload.wikimedia.org/wikipedia/commons/thumb/e/eb/Lands_End_Signpost.jpg/800px-Lands_End_Signpost.jpg,"The most westerly point of mainland England."
194,"Fistral Beach",Nature,Newquay,Cornwall,"TR7 1HY",50.41680000,-5.10090000,https://www.fistralbeach.co.uk,,24-Jul,1,4.7,120,Beach;Surfing;Sunset,https://upload.wikimedia.org/wikipedia/commons/thumb/9/9f/Fistral_Beach_Newquay.jpg/800px-Fistral_Beach_Newquay.jpg,"One of the world's top surfing destinations with golden sand."
195,"Padstow Harbour",Attraction,Padstow,Cornwall,"PL28 8AQ",50.54040000,-4.93660000,https://padstowharbour.co.uk,,24-Jul,1,4.7,60,Food;Boats;Seaside,https://upload.wikimedia.org/wikipedia/commons/thumb/7/75/Padstow_Harbour.jpg/800px-Padstow_Harbour.jpg,"Charming fishing port famous for Rick Stein's seafood restaurants."
197,"Royal Mile",Attraction,"Royal Mile",Edinburgh,EH1,55.94970000,-3.19000000,,,"Always open",1,4.6,120,"walking,history",,"Historic street linking castle and palace."
201,"Albert Dock",Attraction,"Albert Dock",Liverpool,"L3 4AA",53.40090000,-2.99450000,,,"Always open",1,4.7,120,"waterfront,museum",,"Historic dock complex with museums and galleries."
202,"Cardiff Castle",Castle,"Castle St",Cardiff,"CF10 3RB",51.48260000,-3.18150000,https://www.cardiffcastle.com,,10:00-17:00,2,4.6,120,"castle,history",,"Medieval castle in the city centre."
209,"Globe Theatre",Theatre,"21 New Globe Walk",London,"SE1 9DT",51.50810000,-0.09740000,https://www.shakespearesglobe.com,,10:00-18:00,2,4.6,120,"theatre,history",,"Reconstruction of Shakespeare's historic open-air theatre."
212,"Peak District National Park",Nature,"Peak District",Derbyshire,S33,53.34000000,-1.77500000,https://www.peakdistrict.gov.uk,,"Always open",1,4.8,240,"national park,hiking",,"England's first national park with dramatic landscapes."
215,"The Ivy",Restaurant,"West St",London,"WC2H 9NQ",51.51290000,-0.12600000,https://theivy.co.uk,,11:30-23:00,3,4.4,120,"restaurant,classic",,"Classic London restaurant with theatrical charm."
216,"The Balmoral Hotel",Hotel,"1 Princes St",Edinburgh,"EH2 2EQ",55.95210000,-3.18900000,https://www.roccofortehotels.com,,"24 hours",3,4.8,0,"luxury,hotel",,"Luxury landmark hotel overlooking Princes Street."
217,"The Randolph Hotel",Hotel,"Beaumont St",Oxford,"OX1 2LN",51.75450000,-1.26050000,https://www.graduatehotels.com,,"24 hours",3,4.6,0,"hotel,heritage",,"Historic hotel in the heart of Oxford."
220,"Greenwich Observatory",Attraction,"Blackheath Ave",London,"SE10 8XJ",51.47690000,-0.00050000,https://www.rmg.co.uk/royal-observatory,,10:00-17:00,2,4.7,90,"science,history",,"Home of the Prime Meridian."
223,"Holyrood Palace",Attraction,Canongate,Edinburgh,"EH8 8DX",55.95240000,-3.17260000,https://www.rct.uk/visit/palace-of-holyroodhouse,,09:30-18:00,2,4.6,120,"royal,history",,"Official residence of the monarch in Scotland."
224,"Calton Hill",Nature,"Calton Hill",Edinburgh,"EH7 5AA",55.95530000,-3.18270000,https://www.visitscotland.com,,"Always open",1,4.8,60,"viewpoint,nature",,"Hilltop with city views and monuments."
226,"Castlefield Urban Heritage Park",Attraction,Castlefield,Manchester,M3,53.47400000,-2.25470000,https://www.visitmanchester.com,,"Always open",1,4.5,90,"roman,canals",,"Roman ruins and canalside walks."
227,"Clifford's Tower",Castle,"Tower St",York,"YO1 9SA",53.95560000,-1.08040000,https://www.english-heritage.org.uk,,10:00-17:00,2,4.5,60,"castle,history",,"Medieval castle keep."
228,"National Railway Museum",Museum,"Leeman Rd",York,"YO26 4XJ",53.96050000,-1.09700000,https://www.railwaymuseum.org.uk,,10:00-17:00,1,4.7,120,"trains,museum",,"Britain's national railway collection."
229,"Radcliffe Camera",Attraction,"Radcliffe Square",Oxford,"OX1 3BG",51.75480000,-1.25440000,https://www.bodleian.ox.ac.uk,,"Exterior view",1,4.7,45,"architecture,library",,"Iconic circular library building."
230,"Christ Church Meadow",Nature,"St Aldates",Oxford,OX1,51.74970000,-1.25300000,https://www.oxford.gov.uk,,"Always open",1,4.7,90,"nature,walk",,"Riverside meadow walks."
231,"The Backs",Nature,"Queen's Rd",Cambridge,CB3,52.20500000,0.11300000,https://www.visitcambridge.org,,"Always open",1,4.8,90,"river,views",,"Scenic riverside college views."
232,"Fitzwilliam Museum",Museum,"Trumpington St",Cambridge,"CB2 1RB",52.20060000,0.11900000,https://www.fitzmuseum.cam.ac.uk,,10:00-17:00,1,4.8,120,"art,museum",,"Major art and antiquities museum."
233,"Brandon Hill & Cabot Tower",Park,"Great George St",Bristol,"BS1 5RR",51.45400000,-2.60900000,https://www.bristol.gov.uk,,"Always open",1,4.7,60,"park,viewpoint",,"Park with panoramic city views."
234,Harbourside,Attraction,Harbourside,Bristol,BS1,51.45000000,-2.59700000,https://visitbristol.co.uk,,"Always open",1,4.6,120,"waterfront,walk",,"Redeveloped dockside area."
236,"Chester City Walls",Attraction,"City Walls",Chester,CH1,53.19340000,-2.89310000,https://www.visitcheshire.com,,"Always open",1,4.7,90,"roman,walk",,"Complete Roman city wall circuit."
237,"Brighton Pier",Attraction,"Madeira Dr",Brighton,"BN2 1TW",50.81940000,-0.13640000,https://brightonpier.co.uk,,11:00-22:00,1,4.4,90,"seaside,pier",,"Classic Victorian seaside pier."
239,"Highcross Leicester",Shopping,"Highcross St",Leicester,"LE1 4AN",52.63690000,-1.13360000,https://www.highcrossleicester.com,"+44 116 261 9300",09:00-20:00,2,4.4,120,"shopping,retail",,"Major shopping centre in Leicester city centre."
240,"Lane7 Leicester",Entertainment,"Highcross St",Leicester,"LE1 4AN",52.63720000,-1.13390000,https://lane7.com/leicester,"+44 116 319 0088",12:00-23:00,2,4.6,120,"bowling,games",,"Boutique bowling, arcade games and food."
241,"Curve Theatre",Theatre,"Rutland St",Leicester,"LE1 1SB",52.63380000,-1.13150000,https://www.curveonline.co.uk,"+44 116 242 3595","Event dependent",2,4.7,150,"theatre,arts",,"Flagship theatre hosting touring productions."
242,"Abbey Park",Park,"Abbey Park Rd",Leicester,"LE4 5AQ",52.65030000,-1.13530000,https://www.leicester.gov.uk,"+44 116 299 5500","Always open",1,4.6,90,"park,nature",,"Popular riverside park with gardens and ruins."
243,"Phoenix Cinema & Art Centre",Entertainment,"4 Midland St",Leicester,"LE1 1TG",52.63250000,-1.12570000,https://www.phoenix.org.uk,"+44 116 242 2800",10:00-22:00,1,4.6,120,"cinema,independent",,"Independent cinema and arts venue."
244,"Kayal Restaurant",Restaurant,"Granby St",Leicester,"LE1 6FG",52.63320000,-1.12860000,https://kayalrestaurant.co.uk,"+44 116 254 0900",12:00-22:30,2,4.7,90,"indian,kerala",,"Award-winning South Indian cuisine."
245,"Victoria Centre",Shopping,"Glasshouse St",Nottingham,"NG1 3QN",52.95800000,-1.14770000,https://www.intu.co.uk/victoriacentre,"+44 115 985 0000",09:00-20:00,2,4.3,120,"shopping,retail",,"Large city-centre shopping mall."
246,"Roxy Ball Room Nottingham",Entertainment,"Thurland St",Nottingham,"NG1 3DR",52.95590000,-1.14700000,https://roxysballroom.com,"+44 115 950 8191",12:00-23:00,2,4.6,120,"bowling,games",,"Bowling, pool and competitive socialising."
247,"Nottingham Contemporary",Gallery,"Weekday Cross",Nottingham,"NG1 2GB",52.95160000,-1.14420000,https://www.nottinghamcontemporary.org,"+44 115 948 9750",10:00-18:00,1,4.4,90,"art,modern",,"Contemporary art gallery with exhibitions."
248,"Wollaton Hall & Park",Nature,"Wollaton Rd",Nottingham,"NG8 2AE",52.94770000,-1.21260000,https://www.wollatonhall.org.uk,"+44 115 876 3100","Always open",1,4.8,150,"park,manor",,"Elizabethan mansion in expansive parkland."
249,Derbion,Shopping,"London Rd",Derby,"DE1 2PQ",52.92070000,-1.46590000,https://www.derbion.com,"+44 1332 643322",09:00-20:00,2,4.2,120,"shopping,retail",,"Major shopping and leisure destination."
250,"Hollywood Bowl Derby",Entertainment,"Wyvern Way",Derby,"DE24 8JH",52.89170000,-1.44760000,https://www.hollywoodbowl.co.uk,"+44 844 477 0483",10:00-23:00,2,4.5,120,"bowling,arcade",,"Ten-pin bowling and arcade games."
251,"QUAD Derby",Entertainment,"Market Pl",Derby,"DE1 3AS",52.92190000,-1.47640000,https://www.derbyquad.co.uk,"+44 1332 290606",10:00-22:00,1,4.5,120,"cinema,arts",,"Independent cinema, gallery and caf."
252,"Bullring & Grand Central",Shopping,"New St",Birmingham,"B5 4BU",52.47760000,-1.89320000,https://www.bullring.co.uk,"+44 121 632 1526",09:00-20:00,2,4.5,150,"shopping,retail",,"Flagship shopping centre in Birmingham."
253,"Digbeth Dining Club",Food,Digbeth,Birmingham,"B5 6DY",52.47550000,-1.88360000,https://digbethdiningclub.com,"+44 121 270 0580","Event dependent",2,4.7,120,"street food,independent",,"Popular street food events venue."
254,"The Glee Club Birmingham",Entertainment,"Arcadian Centre",Birmingham,"B5 4TD",52.47480000,-1.89760000,https://www.glee.co.uk,"+44 121 622 4822","Event dependent",2,4.6,150,"comedy,nightlife",,"Well-known comedy and live entertainment club."
255,"Cannon Hill Park",Park,"Russell Rd",Birmingham,"B13 8RD",52.44780000,-1.89260000,https://www.birmingham.gov.uk,"+44 121 464 7878","Always open",1,4.6,120,"park,nature",,"Large park with lakes and walking routes."
256,"Flight Club Birmingham",Entertainment,"Temple St",Birmingham,"B2 5BG",52.47910000,-1.89910000,https://flightclubdarts.com,"+44 20 3019 3090",12:00-23:00,2,4.7,120,"games,darts",,"Social darts, food and cocktails."
257,"Social Climbing Leicester","Sport Venue","St George's Way",Leicester,"LE1 1SH",52.63600000,-1.13490000,https://www.socialclimbing.co.uk,"+44 116 216 0550",09:00-22:00,2,4.8,120,"climbing,indoor",,"Indoor bouldering and climbing centre."
258,"Boom Battle Bar Leicester",Entertainment,"Highcross St",Leicester,"LE1 4AN",52.63710000,-1.13380000,https://boombattlebar.com,"+44 20 8016 7990",12:00-23:00,2,4.6,120,"axe throwing,games",,"Axe throwing, crazy golf and competitive games."
260,"Fosse Park",Shopping,"Fosse Park Ave",Leicester,"LE19 1UT",52.58260000,-1.23150000,https://www.fossepark.co.uk,"+44 116 282 7590",10:00-20:00,2,4.5,150,"shopping,outlet",,"Large out-of-town retail park."
262,"Great Central Railway",Attraction,"Great Central Rd",Loughborough,"LE11 1RW",52.77230000,-1.20560000,https://www.gcrailway.co.uk,"+44 1509 633323",10:00-17:00,2,4.7,150,"heritage,railway",,"Preserved steam railway experience."
263,"Abbey Pumping Station",Museum,"Corporation Rd",Leicester,"LE4 5PX",52.65970000,-1.11790000,https://www.leicester.gov.uk,"+44 116 299 5111",10:00-16:30,1,4.5,90,"industrial,museum",,"Museum of science and technology."
264,"Leicester Market",Market,"Market Place",Leicester,"LE1 5GG",52.63490000,-1.13420000,https://www.leicestermarket.co.uk,"+44 116 454 4500",09:00-17:00,1,4.4,90,"market,food",,"Large open-air food and produce market."
265,"Watermead Country Park",Nature,"Wanlip Rd",Leicester,"LE4 4JS",52.67240000,-1.10260000,https://www.leicestershire.gov.uk,"+44 116 305 0001","Always open",1,4.7,120,"nature,lakes",,"Country park with lakes and trails."
267,"Tenpin Nottingham",Entertainment,"Clifton Blvd",Nottingham,"NG7 2TU",52.94640000,-1.17370000,https://www.tenpin.co.uk,"+44 115 979 2999",10:00-00:00,2,4.5,120,"bowling,arcade",,"Bowling, arcade and food venue."
268,"The Dice Cup",Entertainment,"Mansfield Rd",Nottingham,"NG1 3FN",52.95760000,-1.14720000,https://www.thedicecup.co.uk,"+44 115 837 0753",12:00-23:00,1,4.8,120,"board games,cafe",,"Board game caf with extensive library."
269,"Sherwood Forest",Nature,"Sherwood Forest",Nottinghamshire,"NG21 9HN",53.20500000,-1.06700000,https://www.visitsherwood.co.uk,"+44 1623 823202","Always open",1,4.7,180,"forest,legend",,"Legendary forest of Robin Hood."
270,"Lincoln Castle",Castle,"Castle Hill",Lincoln,"LN1 3AA",53.23410000,-0.53900000,https://www.lincolncastle.com,"+44 1522 782040",10:00-16:00,2,4.6,120,"castle,history",,"Norman castle with Magna Carta."
271,"Steep Hill",Attraction,"Steep Hill",Lincoln,LN2,53.23460000,-0.53740000,https://www.visitlincoln.com,"+44 1522 530120","Always open",1,4.5,45,"street,heritage",,"Historic cobbled street with shops."
272,"Delapre Abbey",Attraction,"Delapr Abbey",Northampton,"NN4 8AW",52.22190000,-0.88360000,https://www.delapreabbey.org,"+44 1604 750005",10:00-17:00,1,4.6,90,"abbey,history",,"Historic abbey and parkland."
273,"Tenpin Northampton",Entertainment,Sixfields,Northampton,"NN5 5QJ",52.24780000,-0.93960000,https://www.tenpin.co.uk,"+44 1604 756667",10:00-00:00,2,4.4,120,"bowling,arcade",,"Bowling and entertainment venue."
275,"Royal Shakespeare Theatre",Theatre,Waterside,Stratford-upon-Avon,"CV37 6BB",52.19100000,-1.70600000,https://www.rsc.org.uk,"+44 1789 331111","Event dependent",2,4.8,150,"theatre,arts",,"Flagship theatre of the Royal Shakespeare Company."
276,"Anne Hathaway's Cottage",Attraction,Shottery,Stratford-upon-Avon,"CV37 9HH",52.18340000,-1.72430000,https://www.shakespeare.org.uk,"+44 1789 204016",10:00-17:00,2,4.6,90,"cottage,history",,"Thatched cottage home of Shakespeare's wife."
279,"Royal Crescent",Attraction,"Royal Crescent",Bath,"BA1 2LR",51.38390000,-2.36010000,https://www.royalcrescent.co.uk,"+44 1225 428126","Exterior view",1,4.7,60,"georgian,architecture",,"Iconic crescent of Georgian townhouses."
280,"Prior Park Landscape Garden",Nature,"Ralph Allen Dr",Bath,"BA2 5LB",51.36760000,-2.35480000,https://www.nationaltrust.org.uk,"+44 344 249 1895",10:00-17:00,1,4.6,120,"garden,views",,"18th-century landscaped garden with views."
282,Bourton-on-the-Water,Attraction,"High St",Bourton-on-the-Water,"GL54 2AF",51.88400000,-1.76000000,https://www.cotswolds.com,"+44 1451 820654","Always open",1,4.6,90,"village,cotswolds",,"Picturesque Cotswold village with bridges."
283,"Brighton Royal Pavilion",Attraction,"4/5 Pavilion Buildings",Brighton,"BN1 1EE",50.82250000,-0.13720000,https://brightonmuseums.org.uk,"+44 300 029 2233",10:00-17:15,2,4.6,120,"palace,exotic",,"Regency palace with Indo-Saracenic design."
284,"North Laine",Shopping,"North Laine",Brighton,BN1,50.82500000,-0.13600000,https://www.visitbrighton.com,"+44 1273 292716","Always open",1,4.5,120,"independent,shopping",,"Independent shops and cafes area."
285,"Escape Leicester",Entertainment,"Horsefair House, Horsefair Street",Leicester,"LE1 5BP",52.63590000,-1.13690000,https://www.escape-leicester.co.uk,"0208 222 6660",10:00-22:00,2,4.7,90,"escape room,games",,"Escape room experiences in central Leicester."
286,"Game of Throwing Leicester",Entertainment,"21 Hotel Street",Leicester,"LE1 5AW",52.63540000,-1.13520000,https://www.gameofthrowing.co.uk/game-of-throwing-leicester,"0116 410 5013",12:00-22:00,2,4.6,90,"axe throwing,games",,"Axe throwing venue with coached sessions."
287,"Caddyshackers Leicester (East Street Lanes)",Entertainment,"17-25 East Street",Leicester,"LE1 6NB",52.63280000,-1.13100000,https://caddyshackers.co.uk,,10:00-23:00,2,4.5,90,"crazy golf,bar",,"Crazy golf and social games in East Street Lanes."
288,"The Circus",Attraction,"The Circus",Bath,"BA1 2ET",51.38470000,-2.36060000,https://visitbath.co.uk,,"Always open",1,4.7,45,"georgian,architecture",,"Georgian architectural landmark of three curved terraces."
289,"Pulteney Bridge",Attraction,"Bridge Street",Bath,"BA2 4AT",51.38520000,-2.35780000,https://visitbath.co.uk,,"Always open",1,4.7,45,"bridge,architecture",,"Historic bridge lined with shops over the River Avon."
290,"Holburne Museum",Museum,"Great Pulteney Street",Bath,"BA2 4DB",51.38660000,-2.35350000,https://www.holburne.org,"+44 1225 388569",10:00-17:00,1,4.5,90,"art,museum",,"Museum of fine and decorative arts."
292,"Dover Castle",Castle,"Castle Hill Road",Dover,"CT16 1HU",51.12900000,1.32200000,https://www.english-heritage.org.uk,,10:00-17:00,2,4.6,180,"castle,history",,"Medieval fortress with dramatic coastal views."
296,"Legoland Windsor Resort","Theme Park","Winkfield Road",Windsor,"SL4 4AY",51.46330000,-0.65330000,https://www.legoland.co.uk,,10:00-17:00,3,4.5,240,"theme park,family",,"Family theme park with rides and LEGO attractions."
298,"Salisbury Cathedral",Attraction,"6 The Close",Salisbury,"SP1 2EJ",51.06450000,-1.79760000,https://www.salisburycathedral.org.uk,"+44 1722 555120",10:00-16:00,2,4.8,120,"cathedral,architecture",,"Cathedral with Britain's tallest spire."
299,"Jurassic Coast at Durdle Door",Nature,"Durdle Door","West Lulworth","BH20 5PU",50.62060000,-2.27490000,https://www.jurassiccoast.org,,"Always open",1,4.8,150,"coastal,cliffs",,"Iconic limestone arch on the Jurassic Coast."
300,"Brighton Beach",Nature,Seafront,Brighton,BN2,50.82060000,-0.13720000,https://www.visitbrighton.com,,"Always open",1,4.6,120,"seaside,walk",,"Classic pebble beach and promenade."
301,"South Downs Way (Devil's Dyke)",Nature,"Devil's Dyke Road",Brighton,"BN1 8YW",50.88040000,-0.24220000,https://www.southdowns.gov.uk,,"Always open",1,4.8,180,"hiking,views",,"South Downs viewpoint and walking routes."
302,"Portsmouth Historic Dockyard",Museum,"Victory Gate, HM Naval Base",Portsmouth,"PO1 3LJ",50.80180000,-1.10980000,https://historicdockyard.co.uk,"+44 23 9283 9766",10:00-17:00,3,4.6,240,"navy,history",,"Historic ships including HMS Victory and Mary Rose."
303,"New Forest National Park",Nature,"New Forest",Hampshire,SO43,50.87900000,-1.58100000,https://www.newforestnpa.gov.uk,,"Always open",1,4.8,240,"national park,walks",,"Woodlands, heathland and wild ponies."
304,Herb,Restaurant,"41 Belvoir St",Leicester,"LE1 6SL",52.63480000,-1.12960000,https://www.herbleicester.co.uk,"+44 116 255 2999",12:00-22:00,2,4.6,90,"vegetarian,independent",,"Vegetarian restaurant with bold flavours."
305,"The Case Restaurant",Restaurant,"15-17 Gallowtree Gate",Leicester,"LE1 5AD",52.63460000,-1.13090000,https://www.thecaserestaurant.co.uk,"+44 116 255 2299",18:00-23:00,3,4.7,120,"fine dining,independent",,"Modern British fine dining restaurant."
306,"Ramada Encore Leicester City Centre",Hotel,"84-90 Charles St",Leicester,"LE1 1GE",52.63200000,-1.13300000,https://www.wyndhamhotels.com,"+44 116 255 0500","24 hours",2,4.2,0,"hotel,central",,"Modern hotel close to city centre."
307,"Holiday Inn Leicester",Hotel,"129 St Nicholas Cir",Leicester,"LE1 5LX",52.63750000,-1.13690000,https://www.ihg.com,"+44 116 482 1900","24 hours",2,4.3,0,"hotel,central",,"Contemporary hotel overlooking Jubilee Square."
308,"Nottingham Castle",Castle,"Lenton Rd",Nottingham,"NG1 6EL",52.95010000,-1.15470000,https://www.nottinghamcastle.org.uk,"+44 115 876 1400",10:00-17:00,2,4.4,120,"castle,history",,"Historic castle with museum and views."
309,"Ye Olde Trip to Jerusalem",Pub,"Brewhouse Yard",Nottingham,"NG1 6AD",52.95120000,-1.15570000,https://www.greeneking.co.uk,"+44 115 947 3172",11:00-23:00,2,4.5,90,"historic pub,food",,"Claimed to be England's oldest inn."
310,"Ibis Nottingham Centre",Hotel,"16 Fletcher Gate",Nottingham,"NG1 2FS",52.95300000,-1.14590000,https://all.accor.com,"+44 115 985 3600","24 hours",2,4.1,0,"hotel,central",,"Affordable city-centre hotel."
311,"The Circus Restaurant",Restaurant,"34 Brock St",Bath,"BA1 2LN",51.38490000,-2.36180000,https://www.thecircusrestaurant.co.uk,"+44 1225 466666",18:00-22:30,3,4.7,120,"fine dining,local",,"Seasonal British fine dining."
313,"Theatre Royal Bath",Theatre,Sawclose,Bath,"BA1 1ET",51.38250000,-2.36070000,https://www.theatreroyal.org.uk,"+44 1225 448844","Event dependent",2,4.7,150,"theatre,arts",,"Major regional theatre."
315,"Dishoom Birmingham",Restaurant,"One Chamberlain Sq",Birmingham,"B3 3AX",52.48110000,-1.90280000,https://www.dishoom.com,"+44 121 227 3215",08:00-23:00,2,4.6,90,"indian,restaurant",,"Popular Bombay-style caf."
316,"Hyatt Regency Birmingham",Hotel,"2 Bridge St",Birmingham,"B1 2JZ",52.47640000,-1.90870000,https://www.hyatt.com,"+44 121 643 1234","24 hours",3,4.5,0,"hotel,luxury",,"Upscale hotel near Brindleyplace."
317,"The Eagle and Child",Pub,"49 St Giles'",Oxford,"OX1 3LU",51.75410000,-1.25870000,https://www.greeneking.co.uk,"+44 1865 302925",11:00-23:00,2,4.4,90,"historic pub,food",,"Famous literary pub linked to Tolkien."
